CCN,OSHPD_ID,Hospital,City,County,ZIP,Beds,DispropShareHospital,SafetyNet,HAIWorstQ,HAI15,Readmit13,Readmit14,Readmit15,VB14,VB15,2015Penalty,PreTaxNet,TotalMargin,NetIncome,MedicareNet,MedicarePer,DSHPay,DSHPer
050179,106500867,"EMANUEL MEDICAL CENTER, INC",TURLOCK,Stanislaus,95380,354,Non-DSH,SNH,Y,9.65,0.9963,0.9928,0.9811,0.998263,0.995164,0.0337,394094.00,-0.0021,394094.00,71578012.00,0.0000,0.00,0.0000
050546,106541123,PORTERVILLE DEVELOPMENTAL CENTER,PORTERVILLE,Tulare,93258,1306,Non-DSH,Not SNH,Y,8.95,1,0.9867,0.9839,,,0.0261,0.00,0.0000,0.00,0.00,0.0000,0.00,0.0000
050455,106150788,SAN JOAQUIN COMMUNITY HOSPITAL,BAKERSFIELD,Kern,93301,254,Non-DSH,SNH,Y,7.65,0.9924,0.9948,0.9897,0.998984,0.994327,0.0260,1733599.00,-0.0012,1733599.00,135454132.00,0.0000,0.00,0.0000
050407,106382715,CHINESE HOSPITAL,SAN FRANCISCO,San Francisco,94133,54,Non-DSH,Not SNH,N,2.75,0.9945,0.9949,0.9784,0.996126,0.996116,0.0255,9409730.00,0.0835,9409730.00,66675489.00,7.0860,0.00,0.0000
050380,106430779,GOOD SAMARITAN HOSPITAL-SAN JOSE,SAN JOSE,Santa Clara,95124,404,Non-DSH,Not SNH,Y,7.725,1,0.9993,0.9898,0.996854,0.994781,0.0254,95968615.00,0.1754,95968622.00,118947295.00,1.2390,0.00,0.0000
050226,106301098,AHMC ANAHEIM REGIONAL MEDICAL CENTER,ANAHEIM,Orange,92801,223,Non-DSH,Not SNH,Y,7.4,0.9951,0.9973,0.992,1.00255,0.993201,0.0248,1325919.00,0.0067,1325919.00,97863698.00,73.8080,0.00,0.0000
050045,106130699,EL CENTRO REGIONAL MEDICAL CENTER,EL CENTRO,Imperial,92243,161,DSH,SNH,Y,7.575,0.9983,0.9938,0.991,0.988772,0.994766,0.0242,3153593.00,0.0263,3153593.00,35152383.00,11.1470,2325071.00,0.7370
050159,106560481,VENTURA COUNTY MEDICAL CENTER,VENTURA,Ventura,93003,223,DSH,SNH,Y,9.675,1,1,0.9981,0.994146,0.988771,0.0231,22266699.00,0.0232,22266699.00,30569174.00,1.3730,82461942.00,3.7030
050079,106070904,DOCTORS MEDICAL CENTER - SAN PABLO,SAN PABLO,Contra Costa,94806,189,Non-DSH,Not SNH,Y,7.025,0.9989,1,0.994,0.995226,0.99336,0.0226,19420491.00,-0.1736,19420491.00,62583606.00,0.0000,0.00,0.0000
050390,106331194,HEMET VALLEY MEDICAL CENTER,HEMET,Riverside,92543,417,Non-DSH,SNH,Y,8.325,0.9996,0.9981,0.9941,0.988195,0.993639,0.0223,10367477.00,0.0685,10367477.00,107463491.00,10.3650,0.00,0.0000
050039,106040962,ENLOE MEDICAL CENTER- ESPLANADE CAMPUS,CHICO,Butte,95926,228,Non-DSH,Not SNH,N,4.475,0.9981,0.9968,0.9795,1.00191,0.998451,0.0220,14903973.00,-0.0371,14903973.00,132389889.00,0.0000,0.00,0.0000
050633,106400548,TWIN CITIES COMMUNITY HOSPITAL,TEMPLETON,San Luis Obispo,93465,122,Non-DSH,Not SNH,Y,8.675,0.9998,0.9988,0.9851,1.00307,1.00297,0.0219,20211643.00,0.0317,20211643.00,27250586.00,1.3480,0.00,0.0000
050132,106190200,SAN GABRIEL VALLEY MEDICAL CENTER,SAN GABRIEL,Los Angeles,91776,273,Non-DSH,Not SNH,Y,7.35,0.99,0.9888,0.9919,0.998342,0.996189,0.0219,13685434.00,0.0136,13684634.00,66897502.00,4.8890,0.00,0.0000
050060,106100717,COMMUNITY REGIONAL MEDICAL CENTER-FRESNO,FRESNO,Fresno,93721,641,DSH,SNH,Y,9.025,0.9913,0.9951,0.9957,0.999104,0.993236,0.0211,94213231.00,0.0986,94213231.00,255738235.00,2.7140,55075812.00,0.5850
050056,106190034,ANTELOPE VALLEY HOSPITAL,LANCASTER,Los Angeles,93534,420,DSH,SNH,Y,7.725,0.9967,0.9975,0.9967,0.996671,0.992621,0.0207,3323352.00,0.0097,3323352.00,130390122.00,39.2350,5189703.00,1.5620
050082,106560529,ST. JOHNS REGIONAL MEDICAL CENTER,OXNARD,Ventura,93030,265,Non-DSH,SNH,Y,7.05,0.9981,0.9999,0.9928,0.997616,0.996533,0.0207,7052490.00,-0.0070,7052490.00,87595286.00,0.0000,0.00,0.0000
050289,106410817,SETON MEDICAL CENTER,DALY CITY,San Mateo,94015,357,Non-DSH,Not SNH,Y,7.025,0.9926,0.9951,0.9941,0.993599,0.995242,0.0207,24983484.00,-0.0168,24983484.00,102570971.00,0.0000,0.00,0.0000
050036,106150722,BAKERSFIELD MEMORIAL HOSPITAL- 34TH STREET,BAKERSFIELD,Kern,93301,426,Non-DSH,SNH,Y,7.05,0.9916,0.9968,0.9946,0.994376,0.99482,0.0206,32050633.00,0.0969,32050633.00,98995797.00,3.0890,0.00,0.0000
050471,106190392,GOOD SAMARITAN HOSPITAL-LOS ANGELES,LOS ANGELES,Los Angeles,90017,408,Non-DSH,SNH,Y,7.35,0.9933,0.9965,0.9961,0.99599,0.993367,0.0205,14255940.00,0.0519,14255940.00,97945596.00,6.8710,0.00,0.0000
050077,106370744,SCRIPPS MERCY HOSPITAL,SAN DIEGO,San Diego,92103-2180,501,DSH,Not SNH,Y,8.275,0.9987,0.9989,0.9945,1.00466,0.995048,0.0205,40200738.00,0.0143,40200738.00,220744731.00,5.4910,8757809.00,0.2180
050305,106010739,ALTA BATES SUMMIT MED CTR-ALTA BATES CAMPUS,BERKELEY,Alameda,94705,347,Non-DSH,Not SNH,Y,7.4,1,0.999,0.9997,0.994214,0.989868,0.0204,60985739.00,-0.1007,60985739.00,142286267.00,0.0000,0.00,0.0000
050093,106100899,ST. AGNES MEDICAL CENTER,FRESNO,Fresno,93720,436,Non-DSH,Not SNH,Y,7.65,0.999,0.9983,0.9938,0.995272,0.99597,0.0202,24749661.00,0.0152,24749661.00,252359836.00,10.1970,0.00,0.0000
050236,106560525,SIMI VALLEY HOSPITAL AND HEALTH CARE SVCS-SYCAMORE,SIMI VALLEY,Ventura,93065,144,Non-DSH,Not SNH,Y,7.2,0.9964,0.9946,0.9925,0.997855,0.997301,0.0202,1073272.00,-0.0023,1073272.00,35922842.00,0.0000,0.00,0.0000
050122,106390846,DAMERON HOSPITAL,STOCKTON,San Joaquin,95203,202,Non-DSH,SNH,N,6.75,0.9953,0.999,0.981,0.999345,0.998968,0.0200,9605867.00,-0.0548,9605867.00,48583039.00,0.0000,0.00,0.0000
050641,106190256,EAST LOS ANGELES DOCTORS HOSPITAL,LOS ANGELES,Los Angeles,90023,127,DSH,SNH,Y,7.925,0.9958,0.9971,0.9987,0.999823,0.991541,0.0198,1948924.00,0.0223,1948924.00,18253292.00,9.3660,6426121.00,3.2970
050112,106190687,SANTA MONICA - UCLA MEDICAL CENTER AND ORTHOPAEDIC HOSPITAL,SANTA MONICA,Los Angeles,90404,265,DSH,Not SNH,Y,7.025,0.9965,0.9942,0.9892,1.00603,1.00153,0.0193,40236292.00,0.0367,40236292.00,139810970.00,3.4750,0.00,0.0000
050248,106274043,NATIVIDAD MEDICAL CENTER,SALINAS,Monterey,93906,172,DSH,SNH,Y,8.95,0.9991,0.9988,0.9967,0.989856,0.994069,0.0192,4458669.00,0.0056,4458669.00,28117462.00,6.3060,22072693.00,4.9510
050378,106190696,PACIFICA HOSPITAL OF THE VALLEY,SUN VALLEY,Los Angeles,91352,231,DSH,Not SNH,Y,7.55,0.9973,0.9969,0.997,0.991773,0.994733,0.0183,8524209.00,0.0451,8524209.00,18340569.00,2.1520,20406239.00,2.3940
050393,106190243,PIH HOSPITAL - DOWNEY,DOWNEY,Los Angeles,90241,199,Non-DSH,SNH,Y,7.325,1,0.9992,0.9975,0.994746,0.994345,0.0182,13093613.00,,13093613.00,121846065.00,9.3060,0.00,0.0000
050696,106194219,KECK HOSPITAL OF USC,LOS ANGELES,Los Angeles,90033,401,Non-DSH,Not SNH,Y,9.35,0.9992,0.9994,0.9981,1.00043,0.994076,0.0178,19117511.00,-0.0073,19117511.00,190804513.00,0.0000,0.00,0.0000
050091,106190197,COMMUNITY HOSPITAL OF HUNTINGTON PARK,HUNTINGTON PARK,Los Angeles,90255,81,DSH,SNH,N,6.875,0.9983,0.999,0.9882,1.00257,0.994344,0.0175,3101323.00,-0.0766,3101323.00,6310003.00,0.0000,1775948.00,0.0000
050116,106190568,NORTHRIDGE HOSPITAL MEDICAL CENTER,NORTHRIDGE,Los Angeles,91325,409,Non-DSH,SNH,Y,7.225,0.9991,1,0.9968,0.998923,0.995858,0.0173,19627927.00,0.0113,19627927.00,113982373.00,5.8070,0.00,0.0000
050099,106361318,SAN ANTONIO COMMUNITY HOSPITAL,UPLAND,San Bernardino,91786,279,Non-DSH,Not SNH,Y,7.65,1,1,0.9964,1.00179,0.996283,0.0173,4540838.00,-0.0037,4540838.00,76925749.00,0.0000,0.00,0.0000
050133,106580996,RIDEOUT MEMORIAL HOSPITAL,MARYSVILLE,Yuba,95901,173,DSH,SNH,Y,9.675,0.9994,0.9975,0.9938,0.997535,0.99926,0.0169,29075573.00,0.0287,29075573.00,98221289.00,3.3780,2413951.00,0.0830
050684,106334018,MENIFEE VALLEY MEDICAL CENTER,SUN CITY,Riverside,92585,84,Non-DSH,Not SNH,N,6.2,0.9963,0.9966,0.9939,0.997058,0.989269,0.0168,6958719.00,-0.0330,6958719.00,31809442.00,0.0000,0.00,0.0000
050195,106010987,WASHINGTON HOSPITAL - FREMONT,FREMONT,Alameda,94538,389,Non-DSH,Not SNH,N,5.975,0.9957,0.9928,0.9876,0.995809,0.995601,0.0168,19666869.00,0.0093,19666869.00,133250264.00,6.7750,0.00,0.0000
050766,106514030,SUTTER SURGICAL HOSPITAL-NORTH VALLEY,YUBA CITY,Sutter,95993,14,Non-DSH,Not SNH,N,4,1,1,0.97,,1.01329,0.0167,4285678.00,0.0634,4285678.00,7152164.00,1.6690,0.00,0.0000
050360,106211006,MARIN GENERAL HOSPITAL,GREENBRAE,Marin,94904,235,Non-DSH,Not SNH,Y,8.05,0.9999,1,0.9978,0.9988,0.995513,0.0167,7899594.00,0.0053,7899594.00,83084150.00,10.5180,0.00,0.0000
050327,106361246,LOMA LINDA UNIVERSITY MEDICAL CENTER,LOMA LINDA,San Bernardino,92354,719,DSH,SNH,Y,9.025,0.9976,0.9969,0.9994,0.997669,0.994025,0.0166,101009272.00,0.0197,101009272.00,71387306.00,-0.7070,11427599.00,0.1130
050058,106190522,GLENDALE MEMORIAL HOSPITAL AND HEALTH CENTER,GLENDALE,Los Angeles,91204,334,Non-DSH,SNH,N,4.925,0.99,0.9914,0.9839,0.994599,0.999608,0.0165,25110663.00,-0.1215,25110663.00,36111243.00,0.0000,0.00,0.0000
050599,106341006,UNIVERSITY OF CALIFORNIA DAVIS MEDICAL CENTER,SACRAMENTO,Sacramento,95817,619,DSH,Not SNH,Y,7.725,0.9989,0.999,0.9964,1,0.997304,0.0163,109411623.00,0.0162,109411623.00,335958441.00,3.0710,40722908.00,0.3720
050746,106301566,WESTERN MEDICAL CENTER - SANTA ANA,SANTA ANA,Orange,92705,282,DSH,Not SNH,Y,9.325,0.9974,0.9977,0.9988,0.992129,0.994985,0.0162,8509974.00,-0.0115,8509974.00,43536685.00,0.0000,2477383.00,0.0000
050261,106540798,SIERRA VIEW DISTRICT HOSPITAL,PORTERVILLE,Tulare,93257,167,DSH,SNH,Y,9.3,0.9986,0.9998,0.9925,1.00148,1.00155,0.0160,7529817.00,0.0131,7529817.00,41586319.00,5.5230,3614908.00,0.4800
050118,106392287,DOCTORS HOSPITAL OF MANTECA,MANTECA,San Joaquin,95336,73,Non-DSH,Not SNH,N,4.675,0.99,0.9907,0.9901,0.999107,0.994306,0.0156,6244681.00,0.0740,6244681.00,23792815.00,3.8100,0.00,0.0000
050485,106190525,LONG BEACH MEMORIAL MEDICAL CENTER,LONG BEACH,Los Angeles,90806,462,Non-DSH,SNH,Y,8.35,0.9946,0.9961,0.9976,0.999748,0.996825,0.0156,80948061.00,0.0436,80948061.00,156973344.00,1.9390,0.00,0.0000
050228,106380939,SAN FRANCISCO GENERAL HOSPITAL,SAN FRANCISCO,San Francisco,94110,598,DSH,SNH,Y,7.075,0.9985,0.9975,0.9976,0.998502,0.996881,0.0155,29920156.00,0.0130,29920156.00,103139427.00,3.4470,112444334.00,3.7580
050278,106190385,PROVIDENCE HOLY CROSS MEDICAL CENTER,MISSION HILLS,Los Angeles,91345,377,DSH,SNH,Y,8.375,0.9976,0.9973,0.9932,0.999874,1.00145,0.0154,18397334.00,0.0082,18397334.00,134785496.00,7.3260,2179905.00,0.1180
050761,106190517,PROVIDENCE TARZANA MEDICAL CENTER,TARZANA,Los Angeles,91356,249,Non-DSH,Not SNH,Y,7.025,0.9969,0.9985,0.9973,0.997956,0.997638,0.0151,7776901.00,0.0056,7776901.00,116041734.00,14.9210,0.00,0.0000
050022,106331312,RIVERSIDE COMMUNITY HOSPITAL,RIVERSIDE,Riverside,92501,373,Non-DSH,Not SNH,N,5.3,0.999,0.9949,0.9907,0.999075,0.994394,0.0149,87901076.00,0.0319,87901076.00,184283742.00,2.0960,0.00,0.0000
050570,106301175,FOUNTAIN VALLEY RGNL HOSP AND MED CTR - EUCLID,FOUNTAIN VALLEY,Orange,92708,293,DSH,Not SNH,N,4.65,0.9975,0.9938,0.9907,0.999753,0.99451,0.0148,15304479.00,0.0441,15304479.00,107590984.00,7.0300,5223611.00,0.3410
050376,106191227,LAC/HARBOR-UCLA MEDICAL CENTER,TORRANCE,Los Angeles,90502,453,DSH,SNH,Y,8.7,0.9987,0.9999,0.9986,,0.996825,0.0146,180941383.00,0.1102,180941383.00,42600405.00,0.2350,143999607.00,0.7960
050534,106331216,JOHN F KENNEDY MEMORIAL HOSPITAL,INDIO,Riverside,92201,156,DSH,Not SNH,N,3.95,0.9968,0.9987,0.9893,0.998912,0.996649,0.0141,3329237.00,0.0261,3329237.00,41462848.00,12.4540,0.00,0.0000
050102,106331293,PARKVIEW COMMUNITY HOSPITAL MEDICAL CENTER,RIVERSIDE,Riverside,92503,193,DSH,SNH,N,4.925,0.9962,0.9996,0.9922,0.993847,0.994413,0.0134,3173295.00,0.0048,3173295.00,49569484.00,15.6210,4015252.00,1.2650
050747,106301258,COASTAL COMMUNITIES HOSPITAL,SANTA ANA,Orange,92704,178,DSH,Not SNH,Y,8.675,0.9998,0.9997,0.9987,0.995356,0.998008,0.0133,10965534.00,-0.2090,10965534.00,16925056.00,0.0000,4117185.00,0.0000
050126,106190812,VALLEY PRESBYTERIAN HOSPITAL,VAN NUYS,Los Angeles,91405,350,DSH,Not SNH,N,5.6,0.9981,0.9965,0.9861,0.997182,1.00061,0.0133,23012996.00,0.0270,23012996.00,86803187.00,3.7720,15065794.00,0.6550
050512,106010858,KAISER FND HOSP - HAYWARD/FREMONT,HAYWARD,Alameda,94545,213,Non-DSH,Not SNH,Y,7.075,1,1,1,,0.996804,0.0132,0.00,0.0000,0.00,0.00,0.0000,0.00,0.0000
050588,106190673,SAN DIMAS COMMUNITY HOSPITAL,SAN DIMAS,Los Angeles,91773,101,Non-DSH,Not SNH,N,3.35,0.9976,1,0.9954,0.998216,0.991416,0.0132,5576357.00,0.0216,5576357.00,23687349.00,4.2480,0.00,0.0000
050211,106010735,ALAMEDA HOSPITAL,ALAMEDA,Alameda,94501,281,Non-DSH,Not SNH,N,1.35,0.9973,0.9971,0.9927,0.993166,0.994447,0.0129,2353989.00,-0.0316,2353989.00,32149531.00,0.0000,0.00,0.0000
050262,106190796,RONALD REAGAN UCLA MEDICAL CENTER,LOS ANGELES,Los Angeles,90095,466,DSH,Not SNH,Y,8.7,0.9982,0.9981,0.9976,1.00588,0.999643,0.0128,154765337.00,0.0439,154765337.00,372590658.00,2.4070,0.00,0.0000
050149,106190125,CALIFORNIA HOSPITAL MEDICAL CENTER - LOS ANGELES,LOS ANGELES,Los Angeles,90015,318,DSH,SNH,N,5.975,0.9975,0.9958,0.9912,0.998111,0.996334,0.0125,11662655.00,0.0343,11662655.00,36485742.00,3.1280,49587840.00,4.2520
050025,106370782,UNIVERSITY OF CALIF-SAN DIEGO MEDICAL CENTER,SAN DIEGO,San Diego,92103,390,DSH,Not SNH,Y,7.6,0.9979,0.9973,0.9979,1.00104,,0.0121,213708066.00,0.0684,213708066.00,279975112.00,1.3100,120697000.00,0.5650
050745,106301140,CHAPMAN MEDICAL CENTER,ORANGE,Orange,92669,114,DSH,Not SNH,Y,8.65,1,0.9968,0.9984,,0.999516,0.0121,4628221.00,-0.1006,4628221.00,12817752.00,0.0000,70000.00,0.0000
050373,106191228,LAC+USC MEDICAL CENTER,LOS ANGELES,Los Angeles,90033,676,DSH,SNH,Y,7.075,0.9996,0.9989,0.9987,0.996275,0.999218,0.0121,106527237.00,0.0434,106527237.00,39843320.00,0.3740,98673484.00,0.9260
050180,106070988,JOHN MUIR MEDICAL CENTER-WALNUT CREEK CAMPUS,WALNUT CREEK,Contra Costa,94598,572,Non-DSH,Not SNH,Y,8.325,1,1,1,1.00126,0.998197,0.0118,73337854.00,0.0964,73337854.00,184718556.00,2.5190,0.00,0.0000
050115,106370755,PALOMAR HEALTH DOWNTOWN CAMPUS,ESCONDIDO,San Diego,92025,295,Non-DSH,Not SNH,Y,7.325,1,0.9999,1,0.996561,0.998394,0.0116,20399435.00,-0.0112,20399435.00,176123574.00,0.0000,0.00,0.0000
050063,106190382,HOLLYWOOD PRESBYTERIAN MEDICAL CENTER,LOS ANGELES,Los Angeles,90027,434,DSH,Not SNH,N,5.675,0.9951,0.9972,0.9918,1.00015,0.996772,0.0114,29567757.00,0.1113,29567757.00,101104544.00,3.4190,20765206.00,0.7020
050770,106334589,LOMA LINDA UNIVERSITY MEDICAL CENTER-MURRIETA,MURRIETA,Riverside,92563,106,Non-DSH,Not SNH,N,6.525,1,0.9989,0.9929,0.991558,0.995798,0.0113,31639959.00,-0.0435,31639959.00,77659148.00,0.0000,0.00,0.0000
050737,106190315,GARFIELD MEDICAL CENTER,MONTEREY PARK,Los Angeles,91754,210,DSH,Not SNH,N,6.575,0.9912,0.9944,0.9905,0.99929,0.998215,0.0113,29374300.00,0.1213,29373500.00,91364588.00,3.1100,4557207.00,0.1550
050276,106070924,CONTRA COSTA REGIONAL MEDICAL CENTER,MARTINEZ,Contra Costa,94553,166,DSH,SNH,Y,7.075,0.999,0.9983,1,0.993627,0.998847,0.0112,32989468.00,0.0792,32989468.00,39429779.00,1.1950,45756547.00,1.3870
050245,106364231,ARROWHEAD REGIONAL MEDICAL CENTER,COLTON,San Bernardino,92324-1816,456,DSH,SNH,Y,7.7,0.998,0.9981,0.9996,0.994266,0.999311,0.0111,54601022.00,0.1072,54601022.00,55072716.00,1.0090,67231418.00,1.2310
050245,106190049,KINDRED HOSPITAL BALDWIN PARK,BALDWIN PARK,Los Angeles,91706,95,Non-DSH,Not SNH,Y,7.7,0.998,0.9981,0.9996,0.994266,0.999311,0.0111,11256488.00,0.0582,11256488.00,36080642.00,3.2050,0.00,0.0000
050245,106190049,KINDRED HOSPITAL BALDWIN PARK,BALDWIN PARK,Los Angeles,91706,95,Non-DSH,Not SNH,Y,7.7,0.998,0.9981,0.9996,0.994266,0.999311,0.0111,11256488.00,0.0582,11256488.00,36080642.00,3.2050,0.00,0.0000
050030,106040937,OROVILLE HOSPITAL,OROVILLE,Butte,95966,153,DSH,Not SNH,N,5.675,0.99,0.9919,0.9897,0.998719,0.99927,0.0110,2059376.00,0.0027,2059376.00,88518728.00,42.9830,1289406.00,0.6260
050752,106190110,SOUTHERN CALIFORNIA HOSPITAL AT CULVER CITY,CULVER CITY,Los Angeles,90231,420,Non-DSH,Not SNH,,,0.9945,0.9918,0.989,,,0.0110,,,,,,,
050125,106430705,REGIONAL MEDICAL OF SAN JOSE,SAN JOSE,Santa Clara,95116,282,Non-DSH,Not SNH,N,6.75,0.9978,0.9989,0.9935,0.998232,0.995509,0.0110,25483914.00,0.0102,25483914.00,140190169.00,5.5010,0.00,0.0000
050069,106301340,ST. JOSEPH HOSPITAL - ORANGE,ORANGE,Orange,92868,463,Non-DSH,Not SNH,Y,7.675,1,1,0.9994,0.99467,0.999816,0.0108,43317446.00,0.0205,43317446.00,202448749.00,4.6740,0.00,0.0000
050043,106010937,ALTA BATES SUMMIT MED CTR-SUMMIT CAMPUS-HAWTHORNE,OAKLAND,Alameda,94609,337,Non-DSH,Not SNH,N,4.675,0.996,0.998,0.9909,0.998915,0.998334,0.0108,16451276.00,-0.0387,16451276.00,170983067.00,0.0000,0.00,0.0000
050043,106013687,MPI CHEMICAL DEPENDENCY RECOVERY HOSPITAL,OAKLAND,Alameda,94609,24,Non-DSH,Not SNH,N,4.675,0.996,0.998,0.9909,0.998915,0.998334,0.0108,3214456.00,-0.3401,3214456.00,14416.00,0.0000,0.00,0.0000
050043,106013687,MPI CHEMICAL DEPENDENCY RECOVERY HOSPITAL,OAKLAND,Alameda,94609,24,Non-DSH,Not SNH,N,4.675,0.996,0.998,0.9909,0.998915,0.998334,0.0108,3214456.00,-0.3401,3214456.00,14416.00,0.0000,0.00,0.0000
050589,106301297,PLACENTIA LINDA HOSPITAL,PLACENTIA,Orange,92670,114,Non-DSH,Not SNH,Y,7.95,0.999,0.9992,0.9961,0.996425,1.00318,0.0107,10759298.00,0.0249,10759298.00,27186606.00,2.5270,0.00,0.0000
050568,106201281,MADERA COMMUNITY HOSPITAL,MADERA,Madera,93637,106,DSH,SNH,N,5.675,1,0.9987,0.9982,0.995775,0.991596,0.0102,2691630.00,0.0144,2691630.00,25901893.00,9.6230,2996815.00,1.1130
050636,106370977,POMERADO HOSPITAL,POWAY,San Diego,92064,236,Non-DSH,Not SNH,Y,7.025,1,1,1,0.992815,0.999879,0.0101,11801857.00,0.0207,11801857.00,53421003.00,4.5260,0.00,0.0000
050103,106190878,WHITE MEMORIAL MEDICAL CENTER,LOS ANGELES,Los Angeles,90033,353,DSH,SNH,Y,7.575,0.9958,0.999,0.9972,0.999759,1.00276,0.0100,32710252.00,0.0176,32710252.00,129863433.00,3.9700,29047372.00,0.8880
050548,106301781,FAIRVIEW DEVELOPMENTAL CENTER,COSTA MESA,Orange,92626,1218,Non-DSH,Not SNH,Y,8.95,1,1,1,,,0.0100,0.00,0.0000,0.00,0.00,0.0000,0.00,0.0000
050545,106191014,LANTERMAN DEVELOPMENTAL CENTER,POMONA,Los Angeles,91768,1258,Non-DSH,Not SNH,Y,8.95,1,1,1,,,0.0100,0.00,0.0000,0.00,0.00,0.0000,0.00,0.0000
050552,106190552,MOTION PICTURE AND TELEVISION HOSPITAL,WOODLAND HILLS,Los Angeles,91364,250,Non-DSH,Not SNH,Y,8,0.9966,1,1,,,0.0100,37633281.00,0.2981,37884285.00,8680295.00,0.2290,0.00,0.0000
050492,106100005,CLOVIS COMMUNITY MEDICAL CENTER,CLOVIS,Fresno,93611,152,Non-DSH,Not SNH,Y,8.7,1,0.9995,1,0.993816,1.00005,0.0099,19604031.00,0.0896,19604031.00,35244168.00,1.7980,0.00,0.0000
050496,106071018,JOHN MUIR MEDICAL CENTER-CONCORD CAMPUS,CONCORD,Contra Costa,94520,267,Non-DSH,Not SNH,Y,8.3,1,1,0.9988,1.00005,1.0013,0.0099,4009459.00,-0.0110,4009459.00,128721017.00,0.0000,0.00,0.0000
050541,106410804,KAISER FND HOSP - REDWOOD CITY,REDWOOD CITY,San Mateo,94063,213,Non-DSH,Not SNH,Y,8.65,1,1,1,,1.00017,0.0098,0.00,0.0000,0.00,0.00,0.0000,0.00,0.0000
050503,106371394,SCRIPPS MEMORIAL HOSPITAL - ENCINITAS,ENCINITAS,San Diego,92024,158,Non-DSH,Not SNH,Y,8,0.9998,1,1,1.00416,1.00025,0.0097,24883488.00,0.0297,24883488.00,78033750.00,3.1360,0.00,0.0000
050549,106560492,LOS ROBLES HOSPITAL AND MEDICAL CENTER,THOUSAND OAKS,Ventura,91360,321,Non-DSH,Not SNH,Y,7.7,1,1,0.9985,0.999361,1.00176,0.0097,77764580.00,0.0386,49022791.00,121883274.00,2.4860,0.00,0.0000
050009,106281047,QUEEN OF THE VALLEY HOSPITAL - NAPA,NAPA,Napa,94558,191,Non-DSH,Not SNH,Y,9.65,1,1,0.9997,0.998098,1.00067,0.0096,13497508.00,0.0113,13497508.00,86003725.00,6.3720,0.00,0.0000
050581,106190240,LAKEWOOD REGIONAL MEDICAL CENTER,LAKEWOOD,Los Angeles,90712,172,Non-DSH,Not SNH,N,3.025,0.9987,0.9978,0.9968,0.997692,0.993571,0.0096,17285945.00,0.0170,17285945.00,82202090.00,4.7550,0.00,0.0000
050603,106301317,SADDLEBACK MEMORIAL MEDICAL CENTER,LAGUNA HILLS,Orange,92653,252,Non-DSH,Not SNH,Y,7.35,1,1,1,0.997928,1.00038,0.0096,37671849.00,0.0291,37671849.00,163977729.00,4.3530,0.00,0.0000
050243,106331164,DESERT REGIONAL MEDICAL CENTER,PALM SPRINGS,Riverside,92262,387,Non-DSH,Not SNH,N,3.35,0.9987,1,0.9944,0.994308,0.996164,0.0094,59785176.00,0.1450,59785176.00,132451956.00,2.2150,0.00,0.0000
050468,106190521,MEMORIAL HOSPITAL OF GARDENA,GARDENA,Los Angeles,90247,172,DSH,SNH,N,5.6,0.9996,0.9959,0.9978,0.997593,0.992876,0.0093,12435617.00,0.0210,12435617.00,49718009.00,3.9980,5564392.00,0.4470
050078,106190680,PROVIDENCE LITTLE COMPANY OF MARY MC - SAN PEDRO,SAN PEDRO,Los Angeles,90732,356,DSH,Not SNH,N,6.675,1,0.9991,0.9977,0.996875,0.993697,0.0086,14643575.00,0.0188,14643575.00,57871503.00,3.9520,850444.00,0.0580
050231,106190630,POMONA VALLEY HOSPITAL MEDICAL CENTER,POMONA,Los Angeles,91767,437,DSH,SNH,N,6.2,0.9994,0.9975,0.9959,1.00142,0.995502,0.0086,14743318.00,0.0054,13249738.00,133863930.00,10.1030,10078589.00,0.7610
050296,106350784,HAZEL HAWKINS MEMORIAL HOSPITAL,HOLLISTER,San Benito,95023,119,DSH,SNH,N,5,0.9948,0.9936,0.9945,0.999395,0.997041,0.0085,713791.00,-0.0086,713791.00,18869178.00,0.0000,414121.00,0.0000
050073,106480989,KAISER FND HOSP - REHABILITATION CENTER VALLEJO,VALLEJO,Solano,94589,248,Non-DSH,Not SNH,Y,9.3,0.9989,0.9999,1,,1.0016,0.0084,0.00,0.0000,0.00,0.00,0.0000,0.00,0.0000
050523,106070934,SUTTER DELTA MEDICAL CENTER,ANTIOCH,Contra Costa,94509,145,Non-DSH,SNH,N,6.375,0.9956,0.9953,0.995,0.99612,0.99661,0.0084,8966363.00,-0.0137,8966363.00,50746153.00,0.0000,0.00,0.0000
050300,106361343,ST. MARY MEDICAL CENTER - APPLE VALLEY,APPLE VALLEY,San Bernardino,92307,212,Non-DSH,Not SNH,N,4.725,0.9939,0.9939,0.9944,1.00076,0.997325,0.0083,17840259.00,0.0145,17840259.00,105303222.00,5.9030,0.00,0.0000
050551,106301248,LOS ALAMITOS MEDICAL CENTER,LOS ALAMITOS,Orange,90720,167,Non-DSH,Not SNH,N,6.375,0.9998,0.9978,0.9938,0.99763,0.998004,0.0082,13860077.00,0.0117,13860077.00,76105021.00,5.4910,0.00,0.0000
050678,106300225,ORANGE COAST MEMORIAL MEDICAL CENTER,FOUNTAIN VALLEY,Orange,92708,218,Non-DSH,Not SNH,N,4.75,0.9981,0.9996,0.9943,0.99941,0.997821,0.0079,19158056.00,0.0201,19158056.00,110213576.00,5.7530,0.00,0.0000
050292,106334487,RIVERSIDE COUNTY REGIONAL MEDICAL CENTER,MORENO VALLEY,Riverside,92555,439,DSH,SNH,N,6.3,0.9983,0.9973,0.9984,0.996404,0.993888,0.0077,29674982.00,0.0184,29674982.00,39637721.00,1.3360,65691550.00,2.2140
050464,106500852,DOCTORS MEDICAL CENTER,MODESTO,Stanislaus,95350,394,DSH,Not SNH,N,4.725,0.9944,0.9964,0.9941,0.999633,0.998261,0.0076,45545457.00,0.0893,45545457.00,127133105.00,2.7910,7933387.00,0.1740
050567,106301262,MISSION HOSPITAL REGIONAL MEDICAL CENTER,MISSION VIEJO,Orange,92691,345,Non-DSH,Not SNH,N,6.425,1,1,0.9987,0.995969,0.993666,0.0076,61777571.00,0.0346,61777571.00,122947732.00,1.9900,0.00,0.0000
050764,106450940,SHASTA REGIONAL MEDICAL CENTER,REDDING,Shasta,96001,246,DSH,SNH,N,3.6,1,0.9996,0.9935,1.00306,0.998954,0.0075,8543266.00,0.0107,8543266.00,88550568.00,10.3650,423419.00,0.0500
050738,106190352,GREATER EL MONTE COMMUNITY HOSPITAL,SOUTH EL MONTE,Los Angeles,91733,117,DSH,Not SNH,N,3.65,0.9995,0.9983,0.9956,0.998841,0.996915,0.0075,486460.00,-0.0089,487260.00,13633896.00,0.0000,3248408.00,0.0000
050225,106040875,FEATHER RIVER HOSPITAL,PARADISE,Butte,95969,100,Non-DSH,Not SNH,N,4.1,1,1,0.9885,0.996194,1.00407,0.0074,7648068.00,0.0442,7648068.00,61828180.00,8.0840,0.00,0.0000
050152,106380960,ST. FRANCIS MEMORIAL HOSPITAL,SAN FRANCISCO,San Francisco,94109,288,Non-DSH,Not SNH,N,5.05,0.9982,0.9958,0.9947,0.997661,0.99787,0.0074,11513319.00,0.0136,11513319.00,55742570.00,4.8420,0.00,0.0000
050295,106150761,MERCY HOSPITAL - BAKERSFIELD,BAKERSFIELD,Kern,93301,144,Non-DSH,SNH,N,3.65,0.9982,0.9961,0.9961,0.992821,0.996473,0.0074,30485691.00,0.0318,30485691.00,66734425.00,2.1890,0.00,0.0000
050771,106190766,COAST PLAZA HOSPITAL,NORWALK,Los Angeles,90650,117,Non-DSH,Not SNH,N,3.65,1,0.9995,0.9963,0.990154,0.996456,0.0072,1390002.00,-0.0299,1390002.00,20209184.00,0.0000,0.00,0.0000
050280,106450949,MERCY MEDICAL CENTER - REDDING,REDDING,Shasta,96001,267,Non-DSH,Not SNH,N,3.275,1,1,1,0.997407,0.992772,0.0072,67061029.00,0.0477,67061029.00,155537914.00,2.3190,0.00,0.0000
050367,106481357,NORTH BAY MEDICAL CENTER,FAIRFIELD,Solano,94533,132,Non-DSH,SNH,N,6.65,0.9934,0.9914,0.993,0.993326,0.999819,0.0072,37005749.00,0.0163,37005749.00,101091883.00,2.7320,737174.00,0.0200
050726,106504038,STANISLAUS SURGICAL HOSPITAL,MODESTO,Stanislaus,95355,23,DSH,Not SNH,Y,8,1,1,0.9932,,1.00962,0.0072,1880222.00,0.0143,1880222.00,10465022.00,5.5660,0.00,0.0000
050038,106430883,SANTA CLARA VALLEY MEDICAL CENTER,SAN JOSE,Santa Clara,95128-2699,574,DSH,SNH,N,6.075,1,0.9995,0.999,0.998551,0.994033,0.0070,383629656.00,0.1259,383629656.00,126158800.00,0.3290,0.00,0.0000
050434,106060870,COLUSA REGIONAL MEDICAL CENTER,COLUSA,Colusa,95932,48,Non-DSH,Not SNH,N,6,0.9918,0.9941,0.9921,,1.00103,0.0069,2659060.00,0.1182,2659060.00,5556632.00,2.0900,0.00,0.0000
050018,106190307,"PACIFIC ALLIANCE MEDICAL CENTER, INC.",LOS ANGELES,Los Angeles,90012,138,DSH,Not SNH,N,3.925,0.9995,0.9981,0.9985,0.996896,0.994817,0.0067,,,,,,,
050075,106010856,KAISER FND HOSP - OAKLAND CAMPUS,OAKLAND,Alameda,94611-5693,341,Non-DSH,Not SNH,Y,7.675,1,0.9998,0.9995,,1.00396,0.0065,0.00,0.0000,0.00,0.00,0.0000,0.00,0.0000
050616,106560508,ST. JOHNS PLEASANT VALLEY HOSPITAL,CAMARILLO,Ventura,93010,180,Non-DSH,Not SNH,N,4.425,0.9985,0.9989,0.9975,0.999924,0.995998,0.0065,2960384.00,0.0075,2960384.00,36922797.00,12.4720,0.00,0.0000
050342,106130760,PIONEERS MEMORIAL HEALTHCARE DISTRICT,BRAWLEY,Imperial,92227,107,DSH,Not SNH,N,5.3,0.9969,0.9967,0.9938,0.999185,0.999775,0.0064,2313568.00,-0.0056,2313568.00,33669026.00,0.0000,4131210.00,0.0000
050320,106010846,ALAMEDA COUNTY MEDICAL CENTER,OAKLAND,Alameda,94602,316,DSH,Not SNH,N,6.425,0.9964,0.998,0.9974,0.993792,0.996223,0.0064,116281425.00,0.1954,116281425.00,64624136.00,0.5560,144758363.00,1.2450
050444,106240942,MERCY MEDICAL CENTER - MERCED,MERCED,Merced,95340,186,Non-DSH,Not SNH,N,6.375,0.993,0.9941,0.9946,0.996068,0.999027,0.0064,3228653.00,-0.0033,3228653.00,77836890.00,0.0000,4738871.00,0.0000
050688,106434138,ST. LOUISE REGIONAL HOSPITAL,GILROY,Santa Clara,95020,93,Non-DSH,SNH,N,6.675,0.9996,0.9995,0.9962,0.994308,0.997462,0.0063,14521784.00,-0.0344,14521784.00,29686487.00,0.0000,0.00,0.0000
050309,106311000,SUTTER ROSEVILLE MEDICAL CENTER,ROSEVILLE,Placer,95661,328,Non-DSH,Not SNH,N,5.1,1,1,0.9954,0.998174,0.998275,0.0063,74331649.00,0.0459,74331649.00,191028610.00,2.5700,0.00,0.0000
050526,106301209,HUNTINGTON BEACH HOSPITAL,HUNTINGTON BEACH,Orange,92647,131,Non-DSH,Not SNH,N,4.575,0.9934,0.9969,0.9962,1.00437,0.997539,0.0063,1786427.00,0.0322,1786427.00,33182435.00,18.5750,0.00,0.0000
050757,106370652,ALVARADO HOSPITAL MEDICAL CENTER,SAN DIEGO,San Diego,92120-5298,226,Non-DSH,Not SNH,N,3.6,0.9998,0.9997,0.9995,0.994062,0.994281,0.0062,20681029.00,-0.1589,20681029.00,61730077.00,0.0000,0.00,0.0000
050129,106361339,ST. BERNARDINE MEDICAL CENTER,SAN BERNARDINO,San Bernardino,92404,463,Non-DSH,SNH,N,5.25,0.9961,0.998,0.998,0.996061,0.995921,0.0061,10812910.00,-0.0076,10812910.00,114085613.00,0.0000,0.00,0.0000
050204,106196405,PALMDALE REGIONAL MEDICAL CENTER,PALMDALE,Los Angeles,93551,157,Non-DSH,Not SNH,N,2.05,0.9961,0.9984,0.9923,1.00035,1.00207,0.0056,9814315.00,-0.0118,9814315.00,64270789.00,0.0000,0.00,0.0000
050055,106380777,CALIFORNIA PACIFIC MED CTR-CALIFORNIA WEST,SAN FRANCISCO,San Francisco,94118,299,,Not SNH,N,5.075,0.9984,0.998,0.9978,1.00181,0.996576,0.0056,,,,,,,
050055,106380964,CALIFORNIA PACIFIC MEDICAL CENTER - ST. LUKES CAMPUS,SAN FRANCISCO,San Francisco,94110,228,DSH,SNH,N,5.075,0.9984,0.998,0.9978,1.00181,0.996576,0.0056,53449598.00,-0.4816,53449598.00,32951125.00,0.0000,2761371.00,0.0000
050739,106190148,CENTINELA HOSPITAL MEDICAL CENTER,INGLEWOOD,Los Angeles,90301,369,DSH,SNH,N,3.275,0.99,0.9941,0.9921,1.00809,1.0023,0.0056,38909903.00,0.1446,38909903.00,127953792.00,3.2880,3838998.00,0.0990
050167,106391010,SAN JOAQUIN GENERAL HOSPITAL,FRENCH CAMP,San Joaquin,95231,196,DSH,SNH,N,5.375,1,1,1,0.993297,0.994542,0.0055,9533373.00,0.0123,9533373.00,28776661.00,3.0190,28250015.00,2.9630
050329,106331152,CORONA REGIONAL MEDICAL CENTER-MAIN,CORONA,Riverside,92882,160,Non-DSH,SNH,N,2,0.9938,0.9969,0.996,1.00068,0.998653,0.0053,3328697.00,-0.0282,3328697.00,57454184.00,0.0000,0.00,0.0000
050104,106190754,ST. FRANCIS MEDICAL CENTER,LYNWOOD,Los Angeles,90262,384,DSH,SNH,N,6.25,1,0.9999,1,0.997784,0.994869,0.0051,44574136.00,0.0339,44574136.00,117794003.00,2.6430,31676601.00,0.7110
050100,106370694,SHARP MEMORIAL HOSPITAL,SAN DIEGO,San Diego,92123,675,Non-DSH,Not SNH,Y,7.075,0.9958,0.9992,0.9997,1.00063,1.00517,0.0051,181109715.00,0.0504,181109715.00,188926939.00,1.0430,0.00,0.0000
050194,106444013,WATSONVILLE COMMUNITY HOSPITAL,WATSONVILLE,Santa Cruz,95076,106,DSH,SNH,N,4.425,0.9981,0.9969,0.9964,1.00468,0.998515,0.0051,7858392.00,0.0103,7858392.00,33680557.00,4.2860,32187130.00,4.0960
050013,106281078,ST. HELENA HOSPITAL,ST. HELENA,Napa,94574,151,Non-DSH,Not SNH,Y,8.675,0.9997,0.9999,1,1.00096,1.005,0.0050,2676388.00,-0.0034,2676388.00,68320603.00,0.0000,0.00,0.0000
050382,106190413,CITRUS VALLEY MEDICAL CENTER - IC CAMPUS,COVINA,Los Angeles,91723,193,,Not SNH,N,6.375,0.9997,0.9986,0.9975,1.00017,0.997673,0.0048,,,,,,,
050084,106391042,ST. JOSEPHS MEDICAL CENTER OF STOCKTON,STOCKTON,San Joaquin,95204,366,Non-DSH,SNH,N,3.325,0.9965,0.9983,0.9998,0.997978,0.995449,0.0048,15783332.00,0.0086,15783332.00,142653705.00,9.0380,0.00,0.0000
050481,106190859,WEST HILLS HOSPITAL AND MEDICAL CENTER,CANOGA PARK,Los Angeles,91307,225,Non-DSH,Not SNH,N,6.25,0.9967,0.9998,0.9986,1.00076,0.996681,0.0047,14792381.00,0.0114,9325115.00,76933342.00,8.2500,0.00,0.0000
050239,106190323,GLENDALE ADVENTIST MEDICAL CENTER - WILSON TERRACE,GLENDALE,Los Angeles,91206,515,Non-DSH,Not SNH,N,5.95,0.9931,0.9944,0.9914,1.00631,1.0039,0.0047,12297389.00,0.0308,12297389.00,171419195.00,13.9400,0.00,0.0000
050353,206190788,PROVIDENCE LITTLE CO OF MARY SUBACUTE CARE CENTER,TORRANCE,Los Angeles,90505,200,,Not SNH,N,5.55,0.9947,0.9941,0.9952,0.999426,1.0001,0.0047,,,,,,,
050353,106190470,PROVIDENCE LITTLE COMPANY OF MARY MC - TORRANCE,TORRANCE,Los Angeles,90503,442,Non-DSH,Not SNH,N,5.55,0.9947,0.9941,0.9952,0.999426,1.0001,0.0047,16119232.00,0.0089,16119232.00,133386485.00,8.2750,0.00,0.0000
050727,106190475,COMMUNITY HOSPITAL OF LONG BEACH,LONG BEACH,Los Angeles,90804,208,Non-DSH,Not SNH,N,3.325,0.9991,0.9999,0.9997,0.989741,0.99574,0.0046,12928171.00,-0.3163,12928171.00,14923637.00,0.0000,0.00,0.0000
050717,106191306,LAC/RANCHO LOS AMIGOS NATIONAL REHAB CENTER,DOWNEY,Los Angeles,90242,289,DSH,Not SNH,Y,7.325,1,1,1,,1.00545,0.0046,25839521.00,0.0623,25839521.00,10180539.00,0.3940,32303395.00,1.2500
050724,106154101,BAKERSFIELD HEART HOSPITAL,BAKERSFIELD,Kern,93308,47,Non-DSH,Not SNH,N,4.95,0.9977,0.9981,0.9974,0.995699,0.998092,0.0045,715759.00,0.0096,715759.00,40112214.00,56.0420,0.00,0.0000
050397,106100697,COALINGA REGIONAL MEDICAL CENTER,COALINGA,Fresno,93210,123,DSH,Not SNH,N,7,0.99,0.9934,0.9955,,,0.0045,1932123.00,-0.1071,1932123.00,2341705.00,0.0000,64200.00,0.0000
050397,106105051,DEPARTMENT OF STATE HOSPITAL - COALINGA,COALINGA,Fresno,93210,1500,Non-DSH,Not SNH,N,7,0.99,0.9934,0.9955,,,0.0045,0.00,0.0000,0.00,0.00,0.0000,0.00,0.0000
050174,106491064,SANTA ROSA MEMORIAL HOSPITAL-MONTGOMERY,SANTA ROSA,Sonoma,95405,278,Non-DSH,Not SNH,N,5.375,1,1,1,0.994282,0.995576,0.0044,22724112.00,0.0132,22724112.00,121417664.00,5.3430,0.00,0.0000
050742,106190534,OLYMPIA MEDICAL CENTER,LOS ANGELES,Los Angeles,90036,204,Non-DSH,Not SNH,N,6.425,0.99,0.9896,0.995,1.00602,1.0007,0.0043,15661481.00,-0.0187,15661481.00,58247022.00,0.0000,0.00,0.0000
050740,106190500,MARINA DEL REY HOSPITAL,MARINA DEL REY,Los Angeles,90292,145,Non-DSH,Not SNH,N,5,0.9958,0.9975,0.9997,0.995141,0.996054,0.0042,757956.00,-0.0019,757956.00,31176245.00,0.0000,0.00,0.0000
050736,106190547,MONTEREY PARK HOSPITAL,MONTEREY PARK,Los Angeles,91754-4780,101,DSH,Not SNH,N,2.05,0.9998,0.9995,0.9971,0.993737,0.998662,0.0042,8614464.00,0.0178,8614464.00,21901812.00,2.5420,3569547.00,0.4140
050608,106150706,DELANO REGIONAL MEDICAL CENTER,DELANO,Kern,93215,156,DSH,SNH,N,4.15,1,1,0.9958,0.994005,,0.0042,10080117.00,0.1297,10080117.00,29243895.00,2.9010,2941356.00,0.2920
050516,106340950,MERCY SAN JUAN HOSPITAL,CARMICHAEL,Sacramento,95608,370,Non-DSH,SNH,N,6.075,0.9972,0.996,0.9951,0.997108,1.00085,0.0041,22369912.00,0.0102,22369912.00,177299843.00,7.9260,0.00,0.0000
050758,106361166,MONTCLAIR HOSPITAL MEDICAL CENTER,MONTCLAIR,San Bernardino,91763,102,DSH,Not SNH,N,3.35,0.9972,0.9973,0.998,1.00347,0.997993,0.0040,1344083.00,-0.0085,1344083.00,15877852.00,0.0000,1717495.00,0.0000
050714,106444012,SUTTER MATERNITY AND SURGERY CENTER OF SANTA CRUZ,SANTA CRUZ,Santa Cruz,95065,30,Non-DSH,Not SNH,Y,10,1,1,1,,1.00608,0.0039,14421917.00,0.0969,14421917.00,10105610.00,0.7010,0.00,0.0000
050128,106370780,TRI-CITY MEDICAL CENTER,OCEANSIDE,San Diego,92056,397,Non-DSH,Not SNH,N,6.7,1,1,0.9994,0.997677,0.996684,0.0039,13615081.00,-0.0104,13615081.00,120064049.00,0.0000,0.00,0.0000
050135,106190380,SOUTHERN CALIFORNIA HOSPITAL AT HOLLYWOOD,HOLLYWOOD,Los Angeles,90028,159,DSH,Not SNH,N,4.6,0.9997,0.9999,0.9997,,0.996529,0.0038,24970315.00,0.1476,24970315.00,81832410.00,3.2770,5211368.00,0.2090
050279,106362041,HI-DESERT MEDICAL CENTER,JOSHUA TREE,San Bernardino,92252,179,DSH,Not SNH,N,4.35,0.9964,0.9973,0.9963,0.993942,1.00003,0.0037,3280313.00,-0.0579,3280313.00,22521316.00,0.0000,1181482.00,0.0000
050701,106334068,SOUTHWEST HEALTHCARE SYSTEM-MURRIETA,MURRIETA,Riverside,92562,120,Non-DSH,Not SNH,N,3.075,0.9966,0.997,0.9979,0.995775,0.998442,0.0037,1620107.00,-0.0021,1620107.00,84347110.00,0.0000,0.00,0.0000
050735,106190883,WHITTIER HOSPITAL MEDICAL CENTER,WHITTIER,Los Angeles,90605,178,DSH,Not SNH,N,7,0.9998,1,1,0.99819,0.996408,0.0036,10261947.00,0.0143,10261147.00,29262350.00,2.8520,526030.00,0.0510
050689,106074017,SAN RAMON REGIONAL MEDICAL CENTER,SAN RAMON,Contra Costa,94583,123,Non-DSH,Not SNH,N,4.1,0.9962,0.9961,0.9937,1.00089,1.00272,0.0036,13349593.00,0.0211,13349593.00,31094585.00,2.3290,0.00,0.0000
050435,106370705,FALLBROOK HOSPITAL DISTRICT,FALLBROOK,San Diego,92028,140,Non-DSH,Not SNH,N,6,1,0.9998,0.999,0.998719,0.997563,0.0034,8072323.00,-0.2107,8072323.00,19150105.00,0.0000,0.00,0.0000
050150,106291023,SIERRA NEVADA MEMORIAL HOSPITAL,GRASS VALLEY,Nevada,95945,104,Non-DSH,Not SNH,N,1,0.9943,0.9925,0.995,0.999641,1.00171,0.0033,18402364.00,0.0404,18402364.00,82338940.00,4.4740,0.00,0.0000
050575,106190159,TRI-CITY REGIONAL MEDICAL CENTER,HAWAIIAN GARDENS,Los Angeles,90716,107,Non-DSH,Not SNH,N,1.65,1,0.9997,0.9999,0.994198,0.996817,0.0033,4233248.00,-0.0189,4233248.00,20282611.00,0.0000,0.00,0.0000
050067,106500967,OAK VALLEY DISTRICT HOSPITAL (2-RH),OAKDALE,Stanislaus,95361,150,DSH,SNH,N,4,0.9961,0.9971,0.9971,0.99525,0.999713,0.0032,1918325.00,0.0088,1918325.00,11256320.00,5.8680,187968.00,0.0980
050723,106196035,KAISER FND HOSP - BALDWIN PARK,BALDWIN PARK,Los Angeles,91706,272,Non-DSH,Not SNH,Y,7.325,1,1,1,,1.00699,0.0030,0.00,0.0000,0.00,0.00,0.0000,0.00,0.0000
050235,106190758,PROVIDENCE SAINT JOSEPH MEDICAL CENTER,BURBANK,Los Angeles,91505-4866,446,Non-DSH,Not SNH,N,6.85,0.9981,0.9987,0.9969,1.00144,1.00014,0.0030,6176496.00,0.0027,6176496.00,177986643.00,28.8170,0.00,0.0000
050168,106301342,ST. JUDE MEDICAL CENTER,FULLERTON,Orange,92835,329,Non-DSH,Not SNH,N,4.3,1,1,0.9993,1.00026,0.997856,0.0028,59552488.00,0.0356,59552488.00,89910484.00,1.5100,0.00,0.0000
050110,106420491,LOMPOC VALLEY MEDICAL CENTER,LOMPOC,Santa Barbara,93436,170,DSH,Not SNH,N,1,0.9995,1,0.9999,0.995466,0.997376,0.0027,1004339.00,-0.0094,1004339.00,17664492.00,0.0000,98687.00,0.0000
050557,106500939,MEMORIAL HOSPITAL MEDICAL CENTER - MODESTO,MODESTO,Stanislaus,95355,423,Non-DSH,Not SNH,N,6.425,0.9993,0.9988,0.9982,1.00267,0.999077,0.0027,42866026.00,0.0189,42866026.00,163364885.00,3.8110,0.00,0.0000
050242,106440755,DOMINICAN HOSPITAL-SANTA CRUZ/SOQUEL,SANTA CRUZ,Santa Cruz,95065,223,Non-DSH,Not SNH,N,4.925,1,1,1,0.999172,0.997529,0.0025,51617877.00,0.1376,51617877.00,109672672.00,2.1250,0.00,0.0000
050624,106190949,HENRY MAYO NEWHALL MEMORIAL HOSPITAL,VALENCIA,Los Angeles,91355,238,Non-DSH,Not SNH,N,6.425,0.9993,1,0.9979,1.00107,0.999668,0.0024,26750054.00,0.1055,26750054.00,89887080.00,3.3600,0.00,0.0000
050336,106390923,LODI MEMORIAL HOSPITAL,LODI,San Joaquin,95240-5179,190,Non-DSH,Not SNH,N,3.675,0.9992,0.9994,0.999,0.993722,0.998576,0.0024,7837448.00,-0.0067,7837448.00,50981104.00,0.0000,0.00,0.0000
050257,106150775,GOOD SAMARITAN HOSPITAL-BAKERSFIELD,BAKERSFIELD,Kern,93308,154,DSH,Not SNH,N,4,1,0.9991,0.9998,,0.997926,0.0023,1774265.00,-0.0537,1774265.00,15564022.00,0.0000,1008000.00,0.0000
050334,106270875,SALINAS VALLEY MEMORIAL HOSPITAL,SALINAS,Monterey,93901,269,Non-DSH,Not SNH,N,5.3,0.999,1,0.9989,0.999285,0.998883,0.0022,27541581.00,0.0305,27541581.00,76860951.00,2.7910,0.00,0.0000
050315,106150736,KERN MEDICAL CENTER,BAKERSFIELD,Kern,93306,222,DSH,SNH,N,6.7,0.9996,0.9995,1,,0.997823,0.0022,2084956.00,-0.0033,2084956.00,16002773.00,0.0000,132849998.00,0.0000
050191,106190053,ST. MARY MEDICAL CENTER - LONG BEACH,LONG BEACH,Los Angeles,90813,389,DSH,SNH,N,2.625,0.9996,0.9988,0.9979,1.00005,0.999995,0.0021,6771652.00,-0.0083,6771652.00,62861090.00,0.0000,10341207.00,0.0000
050089,106361323,COMMUNITY HOSPITAL OF SAN BERNARDINO,SAN BERNARDINO,San Bernardino,92411,347,DSH,SNH,N,5.925,0.9999,0.9992,0.9994,0.99578,0.998601,0.0020,19596607.00,-0.1071,19596607.00,35233166.00,0.0000,17234630.00,0.0000
050597,106190298,FOOTHILL PRESBYTERIAN HOSPITAL-JOHNSTON MEMORIAL,GLENDORA,Los Angeles,91741,105,Non-DSH,Not SNH,N,4.625,0.9991,0.9995,0.9989,0.998557,0.99921,0.0019,6201303.00,0.0805,6201303.00,33337118.00,5.3760,0.00,0.0000
050006,106121080,ST. JOSEPH HOSPITAL - EUREKA,EUREKA,Humboldt,95501,138,Non-DSH,Not SNH,N,4.275,1,1,1,0.994874,0.998116,0.0019,12614500.00,0.0159,12614500.00,63002668.00,4.9940,0.00,0.0000
050113,106410782,SAN MATEO MEDICAL CENTER,SAN MATEO,San Mateo,94403,509,DSH,Not SNH,N,2.05,0.9996,1,1,,0.998134,0.0019,19079539.00,0.0470,19079539.00,26952783.00,1.4130,20315309.00,1.0650
050580,106301234,LA PALMA INTERCOMMUNITY HOSPITAL,LA PALMA,Orange,90623,141,Non-DSH,Not SNH,N,3.275,0.9975,0.999,0.998,1.00042,1.00019,0.0018,5672355.00,0.0276,5672355.00,31032285.00,5.4710,0.00,0.0000
050604,106431506,KAISER FND HOSP - SAN JOSE,SAN JOSE,Santa Clara,95119,242,Non-DSH,Not SNH,Y,7.05,0.9991,0.9998,0.9986,,1.00965,0.0018,0.00,0.0000,0.00,0.00,0.0000,0.00,0.0000
050396,106420514,SANTA BARBARA COTTAGE HOSPITAL,SANTA BARBARA,Santa Barbara,93105,445,Non-DSH,Not SNH,N,6.075,1,1,0.9987,0.999107,0.999587,0.0017,125023208.00,0.0962,125023208.00,137530711.00,1.1000,0.00,0.0000
050385,106491338,PALM DRIVE HOSPITAL,SEBASTOPOL,Sonoma,95472,37,Non-DSH,Not SNH,N,3,0.9975,0.9971,0.9983,0.999505,,0.0017,1425624.00,-0.0152,1425624.00,14666065.00,0.0000,0.00,0.0000
050618,106361110,BEAR VALLEY COMMUNITY HOSPITAL,BIG BEAR LAKE,San Bernardino,92315,30,Non-DSH,Not SNH,N,6,0.9987,0.9961,0.9986,,,0.0014,2508634.00,-0.1683,2508634.00,2670437.00,0.0000,0.00,0.0000
050054,106331326,SAN GORGONIO MEMORIAL HOSPITAL,BANNING,Riverside,92220,71,Non-DSH,SNH,N,4.1,0.9989,0.9985,0.9979,0.994204,1.00077,0.0013,425963.00,0.0020,425963.00,23934410.00,56.1890,0.00,0.0000
050454,106381154,UCSF MEDICAL CENTER,SAN FRANCISCO,San Francisco,94143,580,DSH,Not SNH,N,4.9,0.999,0.9998,0.9977,0.997527,1.00102,0.0013,134862182.00,0.0175,134862182.00,475232659.00,3.5240,0.00,0.0000
050131,106214034,NOVATO COMMUNITY HOSPITAL,NOVATO,Marin,94945,47,Non-DSH,Not SNH,N,3.975,1,1,0.9968,1.00156,1.00199,0.0012,7622868.00,-0.0370,7622868.00,18073628.00,0.0000,0.00,0.0000
050222,106370875,SHARP CHULA VISTA MEDICAL CENTER,CHULA VISTA,San Diego,91911,343,DSH,Not SNH,N,5.275,1,1,0.996,0.997268,1.0028,0.0012,19664137.00,0.0132,19664137.00,101439231.00,5.1590,6456741.00,0.3280
050277,106190587,COLLEGE MEDICAL CENTER,LONG BEACH,Los Angeles,90806,157,DSH,SNH,,,0.9985,0.9986,0.9988,1.00145,,0.0012,8167023.00,,7882671.00,43084870.00,-5.4660,2676092.00,-0.3390
050709,106364144,DESERT VALLEY HOSPITAL,VICTORVILLE,San Bernardino,92395,148,Non-DSH,Not SNH,N,2.95,0.9985,0.9989,0.9962,1.00284,1.00265,0.0011,4672278.00,0.0402,4672278.00,56030251.00,11.9920,0.00,0.0000
050760,106074097,KAISER FOUND HSP-ANTIOCH,ANTIOCH,Contra Costa,94531,150,Non-DSH,Not SNH,Y,9.325,1,1,1,,1.0089,0.0011,0.00,0.0000,0.00,0.00,0.0000,0.00,0.0000
050124,106190818,USC VERDUGO HILLS HOSPITAL,GLENDALE,Los Angeles,91208,158,Non-DSH,Not SNH,N,5.7,1,1,0.9994,0.998504,0.999584,0.0010,4962753.00,-0.0289,4962753.00,21382705.00,0.0000,0.00,0.0000
050426,106301379,WEST ANAHEIM MEDICAL CENTER,ANAHEIM,Orange,92804,219,Non-DSH,SNH,N,1.975,0.9981,0.9999,0.9971,0.999479,1.0021,0.0008,5748659.00,-0.0142,5748659.00,48597141.00,0.0000,0.00,0.0000
050663,106190198,LOS ANGELES COMMUNITY HOSPITAL,LOS ANGELES,Los Angeles,90023,130,DSH,SNH,N,1.975,0.9929,0.9962,0.9979,1.00053,1.00139,0.0007,40731368.00,0.1148,40731368.00,46804625.00,1.1490,6007017.00,0.1470
050026,106370714,GROSSMONT HOSPITAL,LA MESA,San Diego,91942,540,DSH,Not SNH,N,5.125,0.9964,0.998,0.9996,0.998818,0.999707,0.0007,69354471.00,0.0233,69354471.00,214133201.00,3.0880,5118750.00,0.0740
050014,106034002,SUTTER AMADOR HOSPITAL,JACKSON,Amador,95642,52,Non-DSH,Not SNH,N,3.725,1,1,0.9978,0.996707,1.00151,0.0007,5499150.00,-0.0268,5499150.00,25118085.00,0.0000,0.00,0.0000
050290,106190756,ST. JOHNS HEALTH CENTER,SANTA MONICA,Los Angeles,90404,266,Non-DSH,Not SNH,N,5.375,1,0.9979,0.998,1.00212,1.00158,0.0004,62030523.00,-0.0605,62030523.00,97518273.00,0.0000,0.00,0.0000
050197,106410891,SEQUOIA HOSPITAL,REDWOOD CITY,San Mateo,94062,189,Non-DSH,Not SNH,N,4.275,1,0.9997,0.9999,0.999588,0.999786,0.0003,23866121.00,0.0230,23866121.00,66769348.00,2.7980,0.00,0.0000
050136,106491001,PETALUMA VALLEY HOSPITAL,PETALUMA,Sonoma,94954,80,Non-DSH,Not SNH,N,3.95,1,0.9998,1,0.993643,0.999758,0.0002,1323340.00,-0.0037,1323340.00,29510675.00,0.0000,0.00,0.0000
050351,106190422,TORRANCE MEMORIAL MEDICAL CENTER,TORRANCE,Los Angeles,90505-5073,401,Non-DSH,Not SNH,N,6.725,0.9968,0.9975,0.9972,0.997525,1.00263,0.0002,21632619.00,0.0083,21632619.00,167498911.00,7.7430,0.00,0.0000
050423,106331288,PALO VERDE HOSPITAL,BLYTHE,Riverside,92225,51,Non-DSH,Not SNH,N,4,0.9994,1,0.9978,0.991549,1.00203,0.0002,4333078.00,-0.0530,4333078.00,4709558.00,0.0000,0.00,0.0000
050153,106430837,OCONNOR HOSPITAL - SAN JOSE,SAN JOSE,Santa Clara,95128,358,Non-DSH,SNH,N,3.675,0.9954,0.9985,0.9978,1.00045,1.00205,0.0001,22854741.00,-0.0156,22854741.00,120414014.00,0.0000,0.00,0.0000
050040,106191231,LOS ANGELES COUNTY OLIVE VIEW-UCLA MEDICAL CENTER,SYLMAR,Los Angeles,91342,355,DSH,SNH,N,6.625,0.9985,0.9981,0.9962,0.995796,1.00373,0.0001,73244022.00,0.0808,73244022.00,14579244.00,0.1990,64975749.00,0.8870
050506,106400524,SIERRA VISTA REGIONAL MEDICAL CENTER,SAN LUIS OBISPO,San Luis Obispo,93405,164,Non-DSH,Not SNH,N,3.325,0.998,0.9993,0.9998,0.999819,1.00018,0.0000,13165918.00,0.0195,13165918.00,26164023.00,1.9870,0.00,0.0000
050531,106190066,BELLFLOWER MEDICAL CENTER,BELLFLOWER,Los Angeles,90706,144,DSH,SNH,,,0.9986,1,1,,,0.0000,,,,,,,
050543,106301155,COLLEGE HOSPITAL COSTA MESA,COSTA MESA,Orange,92627,122,DSH,Not SNH,N,7,1,1,1,,,0.0000,12762781.00,0.1671,12762781.00,6988139.00,0.5480,4061749.00,0.3180
050096,106190857,"DOCTORS HOSPITAL OF WEST COVINA, INC",WEST COVINA,Los Angeles,91790,46,DSH,Not SNH,N,6,1,1,1,,,0.0000,535508.00,-0.0539,535512.00,4732656.00,0.0000,0.00,0.0000
050668,106380865,LAGUNA HONDA HOSPITAL AND REHABILITATION CENTER,SAN FRANCISCO,San Francisco,94116,780,Non-DSH,Not SNH,N,7,1,0.9972,1,,,0.0000,9631821.00,-0.0359,9631821.00,6661907.00,0.0000,0.00,0.0000
050016,106400466,"MARIAN REGIONAL MEDICAL CENTER, ARROYO GRANDE",ARROYO GRANDE,San Luis Obispo,93420,67,Non-DSH,Not SNH,,,0.9994,0.9989,1,0.998908,,0.0000,2134391.00,-0.0712,2134391.00,9038318.00,0.0000,0.00,0.0000
050754,106414018,MENLO PARK SURGICAL HOSPITAL,MENLO PARK,San Mateo,94025,16,Non-DSH,Not SNH,N,6,1,1,1,,,0.0000,8084262.00,0.1862,8084262.00,2646391.00,0.3270,0.00,0.0000
050751,106190681,MIRACLE MILE MEDICAL CENTER,LOS ANGELES,Los Angeles,90036,17,Non-DSH,Not SNH,N,6,1,1,1,,,0.0000,1389999.00,0.0276,1389999.00,3677834.00,2.6460,0.00,0.0000
050046,106560501,OJAI VALLEY COMMUNITY HOSPITAL,OJAI,Ventura,93023,103,DSH,Not SNH,,,1,1,1,,,0.0000,1421820.00,-0.0136,1421820.00,9517008.00,0.0000,0.00,0.0000
050448,106150782,RIDGECREST REGIONAL HOSPITAL,RIDGECREST,Kern,93555,98,Non-DSH,Not SNH,,,0.9965,0.9977,,,,0.0000,3095179.00,0.0155,3095179.00,27105632.00,8.7570,0.00,0.0000
050547,106491267,SONOMA DEVELOPMENTAL CENTER,ELDRIDGE,Sonoma,95431,1388,Non-DSH,Not SNH,N,7,1,1,1,,,0.0000,0.00,0.0000,0.00,0.00,0.0000,0.00,0.0000
050749,106564121,"THOUSAND OAKS SURGICAL HOSPITAL, a campus of Los Robles Hosp AND Med Ctr",THOUSAND OAKS,Ventura,91361,21,Non-DSH,Not SNH,,,1,1,1,,,0.0000,,,,,,,
050028,106121002,MAD RIVER COMMUNITY HOSPITAL,ARCATA,Humboldt,95521,78,DSH,Not SNH,N,1.7,0.9989,1,1,0.992307,1.00005,-0.0001,1192541.00,0.0077,1192541.00,23643523.00,19.8260,0.00,0.0000
050438,106190400,HUNTINGTON MEMORIAL HOSPITAL,PASADENA,Los Angeles,91105,625,Non-DSH,Not SNH,N,6.1,0.9968,0.9981,0.9983,0.999175,1.00177,-0.0001,21143011.00,0.0400,21143011.00,187938922.00,8.8890,0.00,0.0000
050590,106340951,METHODIST HOSPITAL OF SACRAMENTO,SACRAMENTO,Sacramento,95823,329,DSH,SNH,N,4.425,0.9979,0.9974,0.9959,0.995372,1.0042,-0.0001,5757574.00,-0.0055,5757574.00,62095956.00,0.0000,2283747.00,0.0000
050441,106430905,STANFORD HOSPITAL,PALO ALTO,Santa Clara,94305,613,Non-DSH,Not SNH,N,6.4,1,0.9982,0.9985,1.0029,1.00166,-0.0002,467461359.00,0.0487,467461359.00,536989568.00,1.1490,0.00,0.0000
050238,106190529,METHODIST HOSPITAL OF SOUTHERN CALIFORNIA,ARCADIA,Los Angeles,91007,581,Non-DSH,Not SNH,N,4.575,1,1,0.9984,0.996168,1.00179,-0.0002,8623880.00,0.0070,8623880.00,157506423.00,18.2640,0.00,0.0000
050308,106430763,EL CAMINO HOSPITAL,MOUNTAIN VIEW,Santa Clara,94040,300,Non-DSH,Not SNH,N,4.075,1,1,0.9957,1.00582,1.0045,-0.0002,88820246.00,0.1280,88820246.00,140300321.00,1.5800,0.00,0.0000
050230,106301283,GARDEN GROVE HOSPITAL AND MEDICAL CENTER,GARDEN GROVE,Orange,92843-1908,167,DSH,SNH,N,6.85,0.9991,0.9999,0.9987,1.0041,1.00154,-0.0002,14249717.00,0.1413,14249717.00,34356264.00,2.4110,5456509.00,0.3830
050348,106301279,UNIVERSITY OF CALIFORNIA IRVINE MEDICAL CENTER,ORANGE,Orange,92868,411,DSH,Not SNH,N,6.7,0.9992,0.9989,0.9987,0.996946,1.0017,-0.0004,102217794.00,0.0308,102217794.00,178126689.00,1.7430,0.00,0.0000
050517,106361370,VICTOR VALLEY GLOBAL MEDICAL CENTER,VICTORVILLE,San Bernardino,92395,101,DSH,Not SNH,N,3.95,0.9997,0.9984,0.9974,,1.00307,-0.0005,19482256.00,,19482256.00,31804909.00,1.6330,5576591.00,0.2860
050205,106190328,EAST VALLEY HOSPITAL MEDICAL CENTER,GLENDORA,Los Angeles,91740,128,DSH,SNH,N,1.7,1,1,1,,1.00048,-0.0005,2677305.00,-0.1304,2677305.00,12030190.00,0.0000,128166.00,0.0000
050281,106190017,ALHAMBRA HOSPITAL,ALHAMBRA,Los Angeles,91801,144,Non-DSH,Not SNH,N,1.35,1,0.9999,1,0.995613,1.00069,-0.0007,26450354.00,0.2833,26450354.00,45018419.00,1.7020,0.00,0.0000
050767,106484044,KAISER FOUNDATION HOSPITAL - VACAVILLE,VACAVILLE,Solano,95688,140,Non-DSH,Not SNH,Y,7.375,1,1,1,,1.01079,-0.0008,0.00,0.0000,0.00,0.00,0.0000,0.00,0.0000
050324,106370771,SCRIPPS MEMORIAL HOSPITAL - LA JOLLA,LA JOLLA,San Diego,92037,318,Non-DSH,Not SNH,N,6.625,1,0.9981,0.9976,1.00154,1.00325,-0.0009,92674680.00,0.0484,92674680.00,133268356.00,1.4380,0.00,0.0000
050158,106190280,ENCINO HOSPITAL MEDICAL CENTER,ENCINO,Los Angeles,91436,148,Non-DSH,Not SNH,N,1.7,0.9945,0.9979,0.9965,,1.00435,-0.0009,3067233.00,-0.0616,3067233.00,22201927.00,0.0000,0.00,0.0000
050107,106420493,MARIAN REGIONAL MEDICAL CENTER,SANTA MARIA,Santa Barbara,93454,435,Non-DSH,SNH,N,2.975,1,1,1,0.997436,1.00099,-0.0010,5654947.00,0.0045,5654947.00,115478003.00,20.4210,0.00,0.0000
050007,106410852,MILLS-PENINSULA MEDICAL CENTER,BURLINGAME,San Mateo,94010,241,Non-DSH,Not SNH,N,6.75,0.9982,0.9994,1,1.00241,1.00124,-0.0012,39935352.00,-0.0265,39935352.00,159348143.00,0.0000,0.00,0.0000
050224,106301205,HOAG MEMORIAL HOSPITAL PRESBYTERIAN,NEWPORT BEACH,Orange,92663,485,Non-DSH,Not SNH,N,5.7,1,0.9999,1,1.00015,1.00133,-0.0013,155734423.00,0.1888,155734423.00,290287669.00,1.8640,0.00,0.0000
050414,106344029,MERCY HOSPITAL - FOLSOM,FOLSOM,Sacramento,95630,106,Non-DSH,Not SNH,N,5.425,0.9988,0.9983,0.9983,1.00219,1.0032,-0.0015,30481632.00,0.0498,30481632.00,29591061.00,0.9710,0.00,0.0000
050301,106231396,UKIAH VALLEY MEDICAL CENTER/HOSPITAL DRIVE,UKIAH,Mendocino,95482,67,DSH,Not SNH,N,3.1,1,0.9993,0.9981,0.992134,1.0034,-0.0015,8186066.00,0.0227,8186066.00,34400371.00,4.2020,0.00,0.0000
050024,106370759,PARADISE VALLEY HOSPITAL,NATIONAL CITY,San Diego,91950,291,DSH,SNH,N,4.575,0.9992,0.9992,0.9995,1.00508,1.00202,-0.0015,983207.00,-0.0020,983207.00,59053546.00,0.0000,6472843.00,0.0000
050108,106341051,SUTTER GENERAL HOSPITAL,SACRAMENTO,Sacramento,95816,406,Non-DSH,Not SNH,N,2.625,1,1,0.9995,1.00151,1.00207,-0.0016,37004181.00,0.0118,37004181.00,214970969.00,5.8090,0.00,0.0000
050108,106341052,SUTTER MEMORIAL HOSPITAL,SACRAMENTO,Sacramento,95819,348,,Not SNH,N,2.625,1,1,0.9995,1.00151,1.00207,-0.0016,,,,,,,
050101,106481094,SUTTER SOLANO MEDICAL CENTER,VALLEJO,Solano,94590,102,DSH,SNH,N,6.7,1,1,0.9987,0.997624,1.00295,-0.0017,11496167.00,-0.0209,11496167.00,48227786.00,0.0000,0.00,0.0000
050017,106340947,MERCY GENERAL HOSPITAL,SACRAMENTO,Sacramento,95819,342,DSH,Not SNH,N,4.125,0.9997,1,0.9993,0.996786,1.00239,-0.0017,67635283.00,0.0280,67635283.00,193511808.00,2.8610,0.00,0.0000
050625,106190555,CEDARS SINAI MEDICAL CENTER,LOS ANGELES,Los Angeles,90048,886,Non-DSH,Not SNH,N,6.725,0.9996,1,0.9985,1.00429,1.0032,-0.0017,386029177.00,0.1428,386029177.00,671333576.00,1.7390,0.00,0.0000
050502,106190762,ST. VINCENT MEDICAL CENTER,LOS ANGELES,Los Angeles,90057,366,Non-DSH,Not SNH,N,5.625,1,0.9993,0.999,1.00419,1.00284,-0.0018,35113071.00,-0.0304,35113071.00,117694552.00,0.0000,0.00,0.0000
050528,106240924,MEMORIAL HOSPITAL LOS BANOS,LOS BANOS,Merced,93635,46,DSH,SNH,N,5,1,0.9989,0.9948,1.00557,1.00712,-0.0019,4192156.00,0.0218,4192156.00,10659292.00,2.5430,388266.00,0.0930
050394,106560473,COMMUNITY MEMORIAL HOSPITAL-SAN BUENAVENTURA,VENTURA,Ventura,93003,242,DSH,Not SNH,N,3.075,1,1,1,0.998279,1.00197,-0.0020,33533409.00,0.1170,33533409.00,101723426.00,3.0330,0.00,0.0000
050744,106301188,WESTERN MEDICAL CENTER HOSPITAL - ANAHEIM,ANAHEIM,Orange,92805,188,DSH,Not SNH,N,6.9,0.9996,0.9994,0.9984,0.995689,1.00358,-0.0020,6670920.00,-0.0299,6670920.00,22006811.00,0.0000,5010524.00,0.0000
050232,106400480,FRENCH HOSPITAL MEDICAL CENTER,SAN LUIS OBISPO,San Luis Obispo,93401,103,Non-DSH,Not SNH,N,4.275,1,0.9992,0.9998,1.00323,1.00233,-0.0021,4455408.00,0.0438,4455408.00,41927512.00,9.4100,0.00,0.0000
050057,106540734,KAWEAH DELTA MEDICAL CENTER,VISALIA,Tulare,93291,518,DSH,Not SNH,N,5.1,0.9998,0.9982,1,0.996265,1.00217,-0.0022,34039660.00,0.0210,34039660.00,169496528.00,4.9790,0.00,0.0000
050042,106521041,ST. ELIZABETH COMMUNITY HOSPITAL,RED BLUFF,Tehama,96080,76,Non-DSH,SNH,N,1,0.9996,1,1,1.00016,1.00224,-0.0022,17106038.00,0.0590,17106038.00,24688816.00,1.4430,0.00,0.0000
050145,106270744,COMMUNITY HOSPITAL MONTEREY PENINSULA,MONTEREY,Monterey,93940,258,Non-DSH,Not SNH,N,4.1,1,1,1,0.998483,1.00286,-0.0029,38950460.00,0.0861,38950460.00,122321059.00,3.1400,0.00,0.0000
050498,106310791,SUTTER AUBURN FAITH HOSPITAL,AUBURN,Placer,95602,72,Non-DSH,Not SNH,N,4.8,0.9994,1,0.9999,1.00328,1.00322,-0.0031,15172101.00,-0.0392,15172101.00,45097214.00,0.0000,0.00,0.0000
050561,106190434,KAISER FND HOSP - WEST LA,LOS ANGELES,Los Angeles,90034,288,Non-DSH,Not SNH,N,4.275,1,1,1,,1.00335,-0.0033,0.00,0.0000,0.00,0.00,0.0000,0.00,0.0000
050573,106331168,EISENHOWER MEDICAL CENTER,RANCHO MIRAGE,Riverside,92270,476,Non-DSH,Not SNH,N,4,1,1,1,1.00321,1.00359,-0.0036,25431054.00,-0.0554,25431054.00,224765361.00,0.0000,0.00,0.0000
050732,106105029,FRESNO HEART AND SURGICAL HOSPITAL,FRESNO,Fresno,93720,57,Non-DSH,Not SNH,N,2.325,0.9988,1,1,1.00603,1.00381,-0.0038,10023576.00,-0.1358,10023576.00,27684127.00,0.0000,0.00,0.0000
050047,106380929,CALIFORNIA PACIFIC MED CTR-PACIFIC CAMPUS,SAN FRANCISCO,San Francisco,94115,309,Non-DSH,Not SNH,N,4,0.9973,1,0.9999,1.00138,1.00415,-0.0041,19313856.00,0.0167,19313856.00,245429764.00,12.7070,0.00,0.0000
050291,106490919,SUTTER MEDICAL CENTER OF SANTA ROSA,SANTA ROSA,Sonoma,95404,135,DSH,SNH,N,3.025,1,1,0.9999,1.00081,1.00418,-0.0041,4129738.00,-0.0085,4129738.00,44688137.00,0.0000,1301980.00,0.0000
050169,106190631,PRESBYTERIAN INTERCOMMUNITY HOSPITAL,WHITTIER,Los Angeles,90602,548,Non-DSH,Not SNH,N,6.725,0.9986,0.9999,1,1.00518,1.00423,-0.0042,73409111.00,0.0247,73409111.00,149740419.00,2.0400,0.00,0.0000
050674,106342344,KAISER FND HOSP - SOUTH SACRAMENTO,SACRAMENTO,Sacramento,95823,217,Non-DSH,Not SNH,N,5.7,1,1,1,,1.00454,-0.0045,0.00,0.0000,0.00,0.00,0.0000,0.00,0.0000
050272,106361308,REDLANDS COMMUNITY HOSPITAL,REDLANDS,San Bernardino,92373,229,Non-DSH,Not SNH,N,3.325,0.9974,0.9979,1,1.0011,1.00461,-0.0046,10693730.00,0.0121,10693730.00,126411374.00,11.8210,0.00,0.0000
050072,106070990,KAISER FND HOSP - WALNUT CREEK,WALNUT CREEK,Contra Costa,94596-5300,233,Non-DSH,Not SNH,N,3.975,1,1,1,,1.00497,-0.0050,0.00,0.0000,0.00,0.00,0.0000,0.00,0.0000
050708,106104047,FRESNO SURGICAL HOSPITAL,FRESNO,Fresno,93710,27,Non-DSH,Not SNH,Y,8,1,1,1,,1.01546,-0.0055,3301444.00,0.0585,3301444.00,17880352.00,5.4160,0.00,0.0000
050254,106090933,MARSHALL  MEDICAL CENTER (1-RH),PLACERVILLE,El Dorado,95667,113,Non-DSH,Not SNH,N,2.975,0.9991,0.9965,0.9974,1.00057,1.00807,-0.0055,37932263.00,0.0419,37932263.00,73598763.00,1.9400,0.00,0.0000
050335,106554011,SONORA REGIONAL MEDICAL CENTER - GREENLEY,Sonora,Tuolumne,95370,140,Non-DSH,Not SNH,N,6.7,1,1,1,1.00419,1.00561,-0.0056,13786158.00,0.0182,13786158.00,85278207.00,6.1860,0.00,0.0000
050313,106391056,SUTTER TRACY COMMUNITY HOSPITAL,TRACY,San Joaquin,95376,82,Non-DSH,SNH,N,4.625,0.9984,0.9984,0.9982,1.00133,1.00741,-0.0056,20389449.00,0.0481,20389449.00,19220266.00,0.9430,0.00,0.0000
050189,106270777,GEORGE L MEE MEMORIAL HOSPITAL,KING CITY,Monterey,93930,119,DSH,SNH,N,6.35,1,0.9993,0.9981,0.99831,1.00767,-0.0058,11286464.00,0.1652,11286464.00,6874367.00,0.6090,638491.00,0.0570
050417,106084001,SUTTER COAST HOSPITAL,CRESCENT CITY,Del Norte,95531,49,Non-DSH,Not SNH,N,2.75,1,1,0.9995,0.996336,1.0065,-0.0060,5181558.00,-0.0241,5181558.00,17588741.00,0.0000,0.00,0.0000
050357,106420483,GOLETA VALLEY COTTAGE HOSPITAL,SANTA BARBARA,Santa Barbara,93111,122,Non-DSH,Not SNH,N,4,1,1,1,,1.00619,-0.0062,11451880.00,0.1534,11451880.00,18300310.00,1.5980,0.00,0.0000
050111,106190784,TEMPLE COMMUNITY HOSPITAL,LOS ANGELES,Los Angeles,90004,170,DSH,Not SNH,N,1.35,0.998,1,1,,1.00679,-0.0068,287150.00,0.0019,282501.00,13857087.00,49.0520,176365.00,0.6240
050138,106190429,KAISER FND HOSP - LOS ANGELES,LOS ANGELES,Los Angeles,90027,396,Non-DSH,Not SNH,N,4.625,1,1,1,,1.00687,-0.0069,0.00,0.0000,0.00,0.00,0.0000,0.00,0.0000
050686,106334025,KAISER FND HOSP - RIVERSIDE,RIVERSIDE,Riverside,92505,226,Non-DSH,Not SNH,N,3.325,1,1,1,,1.00732,-0.0073,0.00,0.0000,0.00,0.00,0.0000,0.00,0.0000
050234,106370689,SHARP CORONADO HOSPITAL AND HEALTHCARE CENTER,CORONADO,San Diego,92118,181,DSH,Not SNH,Y,7.7,0.9992,0.9999,0.9998,1.00287,1.01774,-0.0075,3991809.00,0.0152,3991809.00,19689885.00,4.9330,303849.00,0.0760
050425,106340913,KAISER FND HOSP - SACRAMENTO,SACRAMENTO,Sacramento,95825,287,Non-DSH,Not SNH,N,4.6,0.9992,0.9998,1,,1.00763,-0.0076,0.00,0.0000,0.00,0.00,0.0000,0.00,0.0000
050748,106394009,KAISER FND HOSP-MANTECA,MANTECA,San Joaquin,95336,99,Non-DSH,Not SNH,N,4.025,1,1,1,,1.00773,-0.0077,0.00,0.0000,0.00,0.00,0.0000,0.00,0.0000
050137,106190432,KAISER FND HOSP - PANORAMA CITY,PANORAMA CITY,Los Angeles,91402,218,Non-DSH,Not SNH,N,6,0.9961,0.9975,1,,1.00792,-0.0079,0.00,0.0000,0.00,0.00,0.0000,0.00,0.0000
050127,106571086,WOODLAND MEMORIAL HOSPITAL,WOODLAND,Yolo,95695,108,Non-DSH,Not SNH,N,4.075,0.9999,0.9994,0.9988,1.00221,1.00915,-0.0080,5048258.00,0.0099,5048258.00,43496260.00,8.6160,0.00,0.0000
050139,106196403,KAISER FOUNDATION HOSPITAL - DOWNEY,DOWNEY,Los Angeles,90242,352,Non-DSH,Not SNH,N,4.35,1,1,1,,1.00831,-0.0083,0.00,0.0000,0.00,0.00,0.0000,0.00,0.0000
050586,106361144,CHINO VALLEY MEDICAL CENTER,CHINO,San Bernardino,91710,126,Non-DSH,SNH,N,1,0.9998,0.9995,0.9998,1.00189,1.00866,-0.0085,7725647.00,0.0787,7725647.00,25160165.00,3.2570,0.00,0.0000
050690,106494019,KAISER FND HOSP - SANTA ROSA,SANTA ROSA,Sonoma,95403,173,Non-DSH,Not SNH,N,4.325,1,1,1,,1.00879,-0.0088,0.00,0.0000,0.00,0.00,0.0000,0.00,0.0000
050537,106574010,SUTTER DAVIS HOSPITAL,DAVIS,Yolo,95616,48,Non-DSH,Not SNH,N,3.8,1,1,0.9973,1.00148,1.01183,-0.0091,6453473.00,-0.0216,6453473.00,18809639.00,0.0000,0.00,0.0000
050772,106314024,KAISER FND HOSP - ROSEVILLE,ROSEVILLE,Placer,95661,340,Non-DSH,Not SNH,N,4.35,,1,1,,1.00958,-0.0096,0.00,0.0000,0.00,0.00,0.0000,0.00,0.0000
050070,106410806,KAISER FND HOSP - SOUTH SAN FRANCISCO,SOUTH SAN FRANCISCO,San Mateo,94080,120,Non-DSH,Not SNH,N,4.05,1,1,1,,1.00993,-0.0099,0.00,0.0000,0.00,0.00,0.0000,0.00,0.0000
050071,106434153,KAISER FND HOSP - SANTA CLARA,SANTA CLARA,Santa Clara,95051,327,Non-DSH,Not SNH,N,5.075,0.9981,0.9993,0.9992,,1.01091,-0.0101,0.00,0.0000,0.00,0.00,0.0000,0.00,0.0000
050140,106361223,KAISER FND HOSP - FONTANA,FONTANA,San Bernardino,92335,667,Non-DSH,Not SNH,N,5.425,1,1,0.9989,,1.01148,-0.0104,0.00,0.0000,0.00,0.00,0.0000,0.00,0.0000
050765,106334048,KAISER FND HOSPITAL - MORENO VALLEY,MORENO VALLEY,Riverside,92555,71,Non-DSH,Not SNH,N,4.4,0.9994,0.9993,0.9993,,1.01193,-0.0112,0.00,0.0000,0.00,0.00,0.0000,0.00,0.0000
050769,106304460,HOAG ORTHOPEDIC INSTITUTE,IRVINE,Orange,92618,70,Non-DSH,Not SNH,N,5,1,1,1,,1.01159,-0.0116,23194023.00,0.2504,23194023.00,34684871.00,1.4950,0.00,0.0000
050710,106104062,KAISER FND HOSP - FRESNO,FRESNO,Fresno,93720,169,Non-DSH,Not SNH,N,2.025,1,1,1,,1.01165,-0.0116,0.00,0.0000,0.00,0.00,0.0000,0.00,0.0000
050677,106191450,KAISER FND HOSP - WOODLAND HILLS,WOODLAND HILLS,Los Angeles,91367,262,Non-DSH,Not SNH,N,6.025,1,1,1,,1.01166,-0.0117,0.00,0.0000,0.00,0.00,0.0000,0.00,0.0000
050076,106380857,KAISER FND HOSP - SAN FRANCISCO,SAN FRANCISCO,San Francisco,94115,247,Non-DSH,Not SNH,N,6.375,1,1,0.9994,,1.01283,-0.0122,0.00,0.0000,0.00,0.00,0.0000,0.00,0.0000
050411,106190431,KAISER FND HOSP - SOUTH BAY,HARBOR CITY,Los Angeles,90710,229,Non-DSH,Not SNH,N,5.025,0.9974,0.9979,1,,1.01235,-0.0124,0.00,0.0000,0.00,0.00,0.0000,0.00,0.0000
050510,106210992,KAISER FND HOSP - SAN RAFAEL,SAN RAFAEL,Marin,94903,116,Non-DSH,Not SNH,N,6.7,1,1,1,,1.01236,-0.0124,0.00,0.0000,0.00,0.00,0.0000,0.00,0.0000
050609,106304409,KAISER FND HOSP - ORANGE COUNTY - ANAHEIM,ANAHEIM,Orange,92806,262,,Not SNH,N,4.3,1,1,1,,1.01286,-0.0129,0.00,0.0000,0.00,0.00,0.0000,0.00,0.0000
050609,106301132,KAISER FND HOSP - ORANGE COUNTY - LAKEVIEW,ANAHEIM,Orange,92807,200,Non-DSH,Not SNH,N,4.3,1,1,1,,1.01286,-0.0129,,,,,,,
050515,106370730,KAISER FND HOSP - SAN DIEGO,SAN DIEGO,San Diego,92120,414,Non-DSH,Not SNH,N,3.025,1,1,1,,1.0144,-0.0144,0.00,0.0000,0.00,0.00,0.0000,0.00,0.0000
050697,106454013,PATIENTS HOSPITAL OF REDDING,REDDING,Shasta,96001,10,Non-DSH,Not SNH,N,5,1,1,1,,1.0169,-0.0169,875717.00,0.0238,875717.00,3021632.00,3.4500,0.00,0.0000
